{
    "name": "root",
    "metadata": {
        "timer_format_version": "0.1.0",
        "start_time_seconds": "1685386883",
        "python_version": "3.9.13 (main, Aug 25 2022, 23:51:50) [MSC v.1916 64 bit (AMD64)]",
        "command_line_arguments": "C:\\Users\\Kevin Lahey\\anaconda3\\Scripts\\mlagents-learn config/Cowboy.yaml --run-id=CamAgent --force",
        "mlagents_version": "0.29.0",
        "mlagents_envs_version": "0.29.0",
        "communication_protocol_version": "1.5.0",
        "pytorch_version": "1.7.1+cu110",
        "numpy_version": "1.21.2",
        "end_time_seconds": "1685387467"
    },
    "total": 583.4368069000001,
    "count": 1,
    "self": 0.0042815000001610315,
    "children": {
        "run_training.setup": {
            "total": 0.132301,
            "count": 1,
            "self": 0.132301
        },
        "TrainerController.start_learning": {
            "total": 583.3002243999999,
            "count": 1,
            "self": 0.6916735000006611,
            "children": {
                "TrainerController._reset_env": {
                    "total": 8.033977100000001,
                    "count": 1,
                    "self": 8.033977100000001
                },
                "TrainerController.advance": {
                    "total": 574.4463726999993,
                    "count": 28366,
                    "self": 0.3114284000041607,
                    "children": {
                        "env_step": {
                            "total": 574.1349442999951,
                            "count": 28366,
                            "self": 456.8076771999989,
                            "children": {
                                "SubprocessEnvManager._take_step": {
                                    "total": 116.73253149999707,
                                    "count": 28367,
                                    "self": 1.0797796999962372,
                                    "children": {
                                        "TorchPolicy.evaluate": {
                                            "total": 115.65275180000083,
                                            "count": 20190,
                                            "self": 33.947958100002865,
                                            "children": {
                                                "TorchPolicy.sample_actions": {
                                                    "total": 81.70479369999796,
                                                    "count": 20190,
                                                    "self": 81.70479369999796
                                                }
                                            }
                                        }
                                    }
                                },
                                "workers": {
                                    "total": 0.5947355999991419,
                                    "count": 28365,
                                    "self": 0.0,
                                    "children": {
                                        "worker_root": {
                                            "total": 494.73765150000014,
                                            "count": 28365,
                                            "is_parallel": true,
                                            "self": 175.05902879999945,
                                            "children": {
                                                "steps_from_proto": {
                                                    "total": 0.02147030000000072,
                                                    "count": 2,
                                                    "is_parallel": true,
                                                    "self": 0.00037789999999837676,
                                                    "children": {
                                                        "_process_maybe_compressed_observation": {
                                                            "total": 0.020814900000000414,
                                                            "count": 4,
                                                            "is_parallel": true,
                                                            "self": 0.0003245000000067222,
                                                            "children": {
                                                                "_observation_to_np_array": {
                                                                    "total": 0.02049039999999369,
                                                                    "count": 18,
                                                                    "is_parallel": true,
                                                                    "self": 0.00019589999999336527,
                                                                    "children": {
                                                                        "process_pixels": {
                                                                            "total": 0.020294500000000326,
                                                                            "count": 18,
                                                                            "is_parallel": true,
                                                                            "self": 0.0009199000000048585,
                                                                            "children": {
                                                                                "image_decompress": {
                                                                                    "total": 0.019374599999995468,
                                                                                    "count": 18,
                                                                                    "is_parallel": true,
                                                                                    "self": 0.019374599999995468
                                                                                }
                                                                            }
                                                                        }
                                                                    }
                                                                }
                                                            }
                                                        },
                                                        "_process_rank_one_or_two_observation": {
                                                            "total": 0.000277500000001929,
                                                            "count": 4,
                                                            "is_parallel": true,
                                                            "self": 0.000277500000001929
                                                        }
                                                    }
                                                },
                                                "UnityEnvironment.step": {
                                                    "total": 319.6571524000007,
                                                    "count": 28365,
                                                    "is_parallel": true,
                                                    "self": 3.5911489000085908,
                                                    "children": {
                                                        "UnityEnvironment._generate_step_input": {
                                                            "total": 4.300672700001243,
                                                            "count": 28365,
                                                            "is_parallel": true,