{
    "name": "root",
    "metadata": {
        "timer_format_version": "0.1.0",
        "start_time_seconds": "1686822616",
        "python_version": "3.9.13 (main, Aug 25 2022, 23:51:50) [MSC v.1916 64 bit (AMD64)]",
        "command_line_arguments": "C:\\Users\\Kevin Lahey\\anaconda3\\Scripts\\mlagents-learn config/Cowboy.yaml --run-id=CowboyCamMem --force",
        "mlagents_version": "0.29.0",
        "mlagents_envs_version": "0.29.0",
        "communication_protocol_version": "1.5.0",
        "pytorch_version": "1.7.1+cu110",
        "numpy_version": "1.21.2",
        "end_time_seconds": "1686827253"
    },
    "total": 4636.4140625,
    "count": 1,
    "self": 0.004324499999711406,
    "children": {
        "run_training.setup": {
            "total": 0.10949349999999991,
            "count": 1,
            "self": 0.10949349999999991
        },
        "TrainerController.start_learning": {
            "total": 4636.3002445,
            "count": 1,
            "self": 6.270216100009748,
            "children": {
                "TrainerController._reset_env": {
                    "total": 6.2712595,
                    "count": 1,
                    "self": 6.2712595
                },
                "TrainerController.advance": {
                    "total": 4623.62468619999,
                    "count": 263602,
                    "self": 2.8868775999544596,
                    "children": {
                        "env_step": {
                            "total": 4620.737808600035,
                            "count": 263602,
                            "self": 3198.9732279002783,
                            "children": {
                                "SubprocessEnvManager._take_step": {
                                    "total": 1416.9907721998588,
                                    "count": 263602,
                                    "self": 14.96087139986139,
                                    "children": {
                                        "TorchPolicy.evaluate": {
                                            "total": 1402.0299007999974,
                                            "count": 260312,
                                            "self": 404.8569292000416,
                                            "children": {
                                                "TorchPolicy.sample_actions": {
                                                    "total": 997.1729715999559,
                                                    "count": 260312,
                                                    "self": 997.1729715999559
                                                }
                                            }
                                        }
                                    }
                                },
                                "workers": {
                                    "total": 4.773808499898005,
                                    "count": 263601,
                                    "self": 0.0,
                                    "children": {
                                        "worker_root": {
                                            "total": 4561.25445120004,
                                            "count": 263601,
                                            "is_parallel": true,
                                            "self": 1774.3883606000827,
                                            "children": {
                                                "steps_from_proto": {
                                                    "total": 0.010715199999999925,
                                                    "count": 1,
                                                    "is_parallel": true,
                                                    "self": 0.0001841000000002424,
                                                    "children": {
                                                        "_process_maybe_compressed_observation": {
                                                            "total": 0.010405600000000348,
                                                            "count": 2,
                                                            "is_parallel": true,
                                                            "self": 0.00013320000000138776,
                                                            "children": {
                                                                "_observation_to_np_array": {
                                                                    "total": 0.01027239999999896,
                                                                    "count": 7,
                                                                    "is_parallel": true,
                                                                    "self": 8.599999999869823e-05,
                                                                    "children": {
                                                                        "process_pixels": {
                                                                            "total": 0.010186400000000262,
                                                                            "count": 7,
                                                                            "is_parallel": true,
                                                                            "self": 0.00038300000000024426,
                                                                            "children": {
                                                                                "image_decompress": {
                                                                                    "total": 0.009803400000000018,
                                                                                    "count": 7,
                                                                                    "is_parallel": true,
                                                                                    "self": 0.009803400000000018
                                                                                }
                                                                            }
                                                                        }
                                                                    }
                                                                }
                                                            }
                                                        },
                                                        "_process_rank_one_or_two_observation": {
                                                            "total": 0.00012549999999933448,
                                                            "count": 2,
                                                            "is_parallel": true,
                                                            "self": 0.00012549999999933448
                                                        }
                                                    }
                                                },
                                                "UnityEnvironment.step": {
                                                    "total": 2786.8553753999577,
                                                    "count": 263601,
                                                    "is_parallel": true,
                                                    "self": 32.3490849999871,
                                                    "children": {
                                                        "UnityEnvironment._generate_step_input": {
                                                            "total": 37.716125899893775,
                                                            "count": 263601,
                                                            "is_parallel": true,